FileName,C101
nNode,51
nIter,51
nCols,779
LB,694.3062499999999
UB_1,732.4000000000001
UB_2,732.4000000000001
t_lb,0.461
t_ub1,0.088
t_enum,0.278
t_ub2,0.068
nEnumCols,11614
