FileName,C121
nNode,131
nIter,50
nCols,6565
LB,3192.1133876811605
UB_1,3274.2000000000003
UB_2,3274.2000000000003
t_lb,14.5
t_ub1,17.703
t_enum,0.813
t_ub2,17.594
nEnumCols,108418
