FileName,C121
nNode,111
nIter,113
nCols,1002
LB,4220.933333333334
UB_1,4331.899999793862
UB_2,4331.899999793862
t_lb,5.629
t_ub1,2.376
t_enum,1.329
t_ub2,2.344
nEnumCols,8643
