FileName,C121
nNode,121
nIter,43
nCols,2868
LB,3554.1849999999995
UB_1,3708.7000000000007
UB_2,3708.7000000000007
t_lb,7.48
t_ub1,7.815
t_enum,0.141
t_ub2,7.742
nEnumCols,41558
