FileName,C121
nNode,151
nIter,59
nCols,3758
LB,4507.0588383838385
UB_1,4609.699997079214
UB_2,4609.699997079214
t_lb,7.157
t_ub1,27.725
t_enum,0.234
t_ub2,27.615
nEnumCols,52273
