FileName,C121
nNode,151
nIter,64
nCols,8102
LB,3737.9271837908004
UB_1,3805.6999999999994
UB_2,3805.6999999999994
t_lb,24.282
t_ub1,192.493
t_enum,0.969
t_ub2,192.259
nEnumCols,165035
