FileName,C121
nNode,141
nIter,54
nCols,7088
LB,3449.0181076388903
UB_1,3567.2999999999997
UB_2,3567.2999999999997
t_lb,17.772
t_ub1,128.298
t_enum,0.782
t_ub2,128.126
nEnumCols,158067
