FileName,C121
nNode,151
nIter,138
nCols,1484
LB,5762.938333333331
UB_1,5869.599999999999
UB_2,5869.599999999999
t_lb,11.496
t_ub1,1.544
t_enum,0.937
t_ub2,1.499
nEnumCols,12485
