FileName,C121
nNode,131
nIter,51
nCols,3126
LB,3882.422222222223
UB_1,3954.3999999999996
UB_2,3954.3999999999996
t_lb,10.891
t_ub1,5.234
t_enum,0.172
t_ub2,5.172
nEnumCols,39371
