FileName,C121
nNode,111
nIter,46
nCols,1011
LB,4239.491666666667
UB_1,4337.19999940454
UB_2,4337.19999940454
t_lb,3.453
t_ub1,3.328
t_enum,0.047
t_ub2,3.281
nEnumCols,9012
