FileName,C121
nNode,111
nIter,47
nCols,6108
LB,2713.3518749999994
UB_1,2761.1000000000004
UB_2,2761.1000000000004
t_lb,10.547
t_ub1,12.188
t_enum,0.484
t_ub2,12.078
nEnumCols,81149
