FileName,C121
nNode,111
nIter,128
nCols,2372
LB,3285.2068395061724
UB_1,3357.6000000000004
UB_2,3357.6000000000004
t_lb,7.782
t_ub1,2.407
t_enum,1.609
t_ub2,2.375
nEnumCols,34352
