FileName,C161
nNode,201
nIter,77
nCols,4730
LB,11361.635763919074
UB_1,11603.199999999999
UB_2,11603.199999999999
t_lb,15.844
t_ub1,27.343
t_enum,0.375
t_ub2,27.186
nEnumCols,66411
