FileName,C161
nNode,251
nIter,109
nCols,2273
LB,18002.80972222223
UB_1,18263.699999999997
UB_2,18263.699999999997
t_lb,9.219
t_ub1,42.4
t_enum,0.125
t_ub2,42.306
nEnumCols,21490
