FileName,C161
nNode,201
nIter,84
nCols,1813
LB,14634.11666666666
UB_1,14845.599999999999
UB_2,14845.599999999999
t_lb,5.218
t_ub1,17.641
t_enum,0.094
t_ub2,17.547
nEnumCols,13474
