FileName,C161
nNode,301
nIter,123
nCols,6979
LB,16640.00432571176
UB_1,16920.599991182473
UB_2,16920.599991182473
t_lb,50.131
t_ub1,74.069
t_enum,0.766
t_ub2,73.835
nEnumCols,103685
