FileName,R101
nNode,51
nIter,61
nCols,832
LB,916.8125000000001
UB_1,933.6999999999999
UB_2,933.6999999999999
t_lb,0.412
t_ub1,0.061
t_enum,0.203
t_ub2,0.054
nEnumCols,4320
