FileName,R121
nNode,121
nIter,42
nCols,2674
LB,3778.602777777777
UB_1,3839.3999999999996
UB_2,3839.3999999999996
t_lb,3.249
t_ub1,3.219
t_enum,0.125
t_ub2,3.203
nEnumCols,28359
