FileName,R121
nNode,121
nIter,46
nCols,6107
LB,3194.585727155729
UB_1,3251.7000000000007
UB_2,3251.7000000000007
t_lb,12.266
t_ub1,8.031
t_enum,0.516
t_ub2,7.89
nEnumCols,77882
