FileName,R121
nNode,121
nIter,43
nCols,940
LB,4746.274999999998
UB_1,4780.099999999999
UB_2,4780.099999999999
t_lb,1.047
t_ub1,0.75
t_enum,0.047
t_ub2,0.734
nEnumCols,5931
