FileName,R121
nNode,151
nIter,51
nCols,6965
LB,3882.6748148148154
UB_1,3960.7999999999997
UB_2,3960.7999999999997
t_lb,19.484
t_ub1,23.634
t_enum,0.859
t_ub2,23.493
nEnumCols,117976
