FileName,R121
nNode,131
nIter,170
nCols,3600
LB,3459.551157407408
UB_1,3532.3999999999996
UB_2,3532.3999999999996
t_lb,14.567
t_ub1,8.448
t_enum,0.641
t_ub2,8.37
nEnumCols,113718
