FileName,R121
nNode,131
nIter,48
nCols,1057
LB,5175.255555555554
UB_1,5235.999999239465
UB_2,5235.999999239465
t_lb,1.39
t_ub1,2.0
t_enum,0.047
t_ub2,1.984
nEnumCols,8753
