FileName,R161
nNode,201
nIter,69
nCols,4339
LB,12491.734444444452
UB_1,12784.400000000001
UB_2,12784.400000000001
t_lb,13.11
t_ub1,32.391
t_enum,0.422
t_ub2,32.25
nEnumCols,65878
