FileName,R161
nNode,351
nIter,118
nCols,7442
LB,21120.945707070714
UB_1,21315.100000000002
UB_2,21315.100000000002
t_lb,63.413
t_ub1,93.089
t_enum,1.004
t_ub2,92.816
nEnumCols,113782
