FileName,R161
nNode,301
nIter,100
nCols,6196
LB,18123.51556471306
UB_1,18323.600000000002
UB_2,18323.600000000002
t_lb,40.696
t_ub1,102.793
t_enum,0.833
t_ub2,102.561
nEnumCols,92984
