FileName,R161
nNode,201
nIter,74
nCols,1720
LB,15966.805555555562
UB_1,16077.999999999998
UB_2,16077.999999999998
t_lb,4.502
t_ub1,3.719
t_enum,0.093
t_ub2,3.656
nEnumCols,13671
