FileName,RC101
nNode,51
nIter,57
nCols,813
LB,1124.15
UB_1,1263.8999999999999
UB_2,1263.8999999999999
t_lb,0.341
t_ub1,0.041
t_enum,0.199
t_ub2,0.035
nEnumCols,14609
