FileName,RC121
nNode,111
nIter,44
nCols,981
LB,4409.316666666667
UB_1,4419.200000000001
UB_2,4419.200000000001
t_lb,1.015
t_ub1,0.766
t_enum,0.031
t_ub2,0.766
nEnumCols,2511
