FileName,RC121
nNode,151
nIter,55
nCols,1283
LB,5990.870833333338
UB_1,6080.000000000001
UB_2,6080.000000000001
t_lb,2.094
t_ub1,4.344
t_enum,0.062
t_ub2,4.281
nEnumCols,11705
