FileName,RC121
nNode,141
nIter,58
nCols,1284
LB,5613.905555555553
UB_1,5640.099994743801
UB_2,5640.099994743801
t_lb,1.969
t_ub1,2.359
t_enum,0.032
t_ub2,2.328
nEnumCols,6753
