FileName,RC121
nNode,151
nIter,52
nCols,3539
LB,4692.755236625517
UB_1,4806.200000000001
UB_2,4806.200000000001
t_lb,5.969
t_ub1,28.297
t_enum,0.234
t_ub2,28.219
nEnumCols,49061
