FileName,RC121
nNode,141
nIter,52
nCols,6912
LB,3692.99138888889
UB_1,3775.3999999999996
UB_2,3775.3999999999996
t_lb,16.532
t_ub1,70.302
t_enum,0.688
t_ub2,70.162
nEnumCols,129594
