FileName,RC121
nNode,121
nIter,44
nCols,2695
LB,3838.335416666667
UB_1,3919.7999953624185
UB_2,3919.7999953624185
t_lb,3.203
t_ub1,13.147
t_enum,0.14
t_ub2,13.038
nEnumCols,33496
