FileName,RC161
nNode,201
nIter,78
nCols,1690
LB,15805.583333333334
UB_1,15921.999999999998
UB_2,15921.999999999998
t_lb,4.592
t_ub1,5.401
t_enum,0.092
t_ub2,5.316
nEnumCols,14411
