FileName,RC161
nNode,301
nIter,111
nCols,2542
LB,22916.6046031746
UB_1,23038.199999999997
UB_2,23038.199999999997
t_lb,13.122
t_ub1,13.25
t_enum,0.188
t_ub2,13.142
nEnumCols,23029
