FileName,RC161
nNode,201
nIter,75
nCols,4672
LB,12415.786318806275
UB_1,12542.799996511969
UB_2,12542.799996511969
t_lb,13.558
t_ub1,29.907
t_enum,0.366
t_ub2,29.759
nEnumCols,56504
