FileName,X-n219-k73
nNode,219
nIter,207
nCols,2424
LB,117295.84166666667
UB_1,117790.99992719131
UB_2,117790.99992719131
t_lb,10.093
t_ub1,1.87
t_enum,0.579
t_ub2,1.824
nEnumCols,12690
