FileName,X-n219-k73
nNode,219
nIter,198
nCols,2326
LB,119969.33333333331
UB_1,120691.99992463106
UB_2,120691.99992463106
t_lb,33.5
t_ub1,12.978
t_enum,0.14
t_ub2,12.84
nEnumCols,14690
