FileName,X-n548-k50
nNode,548
nIter,461
nCols,6818
LB,294137.34722222225
UB_1,294733.9999700718
UB_2,294733.9999700718
t_lb,428.61
t_ub1,82.179
t_enum,0.545
t_ub2,81.489
nEnumCols,37508
