FileName,X-n655-k131
nNode,655
nIter,536
nCols,8605
LB,173047.8116198321
UB_1,173310.0000001097
UB_2,173310.0000001097
t_lb,729.268
t_ub1,76.992
t_enum,0.756
t_ub2,76.358
nEnumCols,43702
