FileName,RC161
nNode,251
nIter,212
nCols,4005
LB,14922.234618055556
UB_1,15216.899999999998
UB_2,15020.2
t_lb,15.959
t_ub1,75.108
t_enum,1.424
t_ub2,268.212
nEnumCols,82939
