FileName,X-n157-k13
nNode,157
nIter,66
nCols,1512
LB,56787.916666666664
UB_1,56916.0
UB_2,56850.999995732265
t_lb,5.781
t_ub1,1.531
t_enum,0.375
t_ub2,2.704
nEnumCols,8054
