FileName,X-n120-k6
nNode,120
nIter,47
nCols,2942
LB,47225.691666666666
UB_1,47593.0
UB_2,47365.999996811464
t_lb,21.052
t_ub1,2.268
t_enum,4.125
t_ub2,36.553
nEnumCols,20382
