FileName,X-n120-k6
nNode,120
nIter,46
nCols,6656
LB,38876.311434108524
UB_1,39444.99981510473
UB_2,39136.99998393065
t_lb,49.344
t_ub1,8.356
t_enum,1.274
t_ub2,104.164
nEnumCols,76262
