FileName,X-n181-k23
nNode,181
nIter,78
nCols,1752
LB,59797.250000000015
UB_1,60179.999985755254
UB_2,59926.0
t_lb,4.326
t_ub1,15.026
t_enum,0.074
t_ub2,28.919
nEnumCols,11304
