FileName,X-n219-k73
nNode,219
nIter,90
nCols,1995
LB,119974.16666666667
UB_1,120541.99999003577
UB_2,120289.0
t_lb,6.522
t_ub1,5.141
t_enum,0.109
t_ub2,40.314
nEnumCols,14574
