FileName,X-n376-k94
nNode,376
nIter,155
nCols,3499
LB,196488.8333333333
UB_1,197337.0
UB_2,196861.99999950308
t_lb,30.623
t_ub1,33.292
t_enum,0.328
t_ub2,192.137
nEnumCols,28641
