FileName,X-n856-k95
nNode,856
nIter,292
nCols,17535
LB,183789.48321510383
UB_1,0.0
UB_2,186328.0
t_lb,1.613746041972E9
t_ub1,0.0
t_enum,0.0
t_ub2,1801.2
nEnumCols,0
