FileName,X-n957-k87
nNode,957
nIter,221
nCols,18397
LB,213282.39270198846
UB_1,0.0
UB_2,224555.0
t_lb,1.613751285717E9
t_ub1,0.0
t_enum,0.0
t_ub2,1802.231
nEnumCols,0
